From Date,To Date,PM2.5,PM10,NO,NO2,NOx,SO2,CO,Ozone
26-05-2022 00:00,27-05-2022 00:00,49.44,79.21,7.06,14.09,20.97,8.51,0.52,12.48
27-05-2022 00:00,28-05-2022 00:00,35.2,54.99,7.05,13.9,20.94,4.32,0.36,14.57
28-05-2022 00:00,29-05-2022 00:00,51.34,72.94,7,14.01,21.01,4.03,0.21,6.37
29-05-2022 00:00,30-05-2022 00:00,46.38,73,7.02,13.97,21.04,4.15,0.28,7.24
30-05-2022 00:00,31-05-2022 00:00,35.49,75.27,6.98,14.02,21.04,5.21,0.28,6.74
31-05-2022 00:00,01-06-2022 00:00,36.02,75.06,7.06,14.06,21.08,5.24,0.36,4.63
01-06-2022 00:00,02-06-2022 00:00,36.63,76.82,7.03,13.97,20.9,4.18,0.41,7.58
02-06-2022 00:00,03-06-2022 00:00,36.77,82.23,7.01,14.02,21.08,4.52,0.42,9.52
03-06-2022 00:00,04-06-2022 00:00,44.36,79.6,6.97,14.03,21.05,3.34,0.34,10.73
04-06-2022 00:00,05-06-2022 00:00,44.81,82.09,7.02,13.97,20.98,3.7,0.47,15.46
05-06-2022 00:00,06-06-2022 00:00,43.99,88.46,7,13.97,21.04,4.48,0.39,18.63
06-06-2022 00:00,07-06-2022 00:00,41.42,74.47,6.98,14.06,20.96,5.33,0.4,18.38
07-06-2022 00:00,08-06-2022 00:00,39.75,74.59,6.99,13.92,20.95,5.21,0.25,17.29
08-06-2022 00:00,09-06-2022 00:00,42.96,76.64,7,13.93,21.04,5.29,0.45,13.86
09-06-2022 00:00,10-06-2022 00:00,39.66,75.36,7.04,14.08,21.12,3.6,0.25,19.34
10-06-2022 00:00,11-06-2022 00:00,44.74,75.17,7,13.91,21.08,7.46,0.22,13.5
11-06-2022 00:00,12-06-2022 00:00,39.73,66.92,7.05,14.05,21.01,5.03,0.2,11.22
12-06-2022 00:00,13-06-2022 00:00,39.01,65.4,6.99,14,21,5.32,0.3,10.24
13-06-2022 00:00,14-06-2022 00:00,37.06,67.03,7.02,13.94,21.13,4.85,0.23,10.2
14-06-2022 00:00,15-06-2022 00:00,47.6,70.52,6.99,13.91,21.1,3.04,0.34,10.42
15-06-2022 00:00,16-06-2022 00:00,37.16,73.49,7,13.9,21.01,5.81,0.39,10.65
16-06-2022 00:00,17-06-2022 00:00,41.03,71.23,7.02,14.11,21.09,6.27,0.32,10.62
17-06-2022 00:00,18-06-2022 00:00,42.84,71.09,6.97,13.97,21.06,6.55,0.35,12.87
18-06-2022 00:00,19-06-2022 00:00,37.8,67.41,7,13.98,20.94,5.59,0.28,13.36
19-06-2022 00:00,20-06-2022 00:00,39.14,75.79,6.96,14.01,21.01,3.04,0.49,13.67
20-06-2022 00:00,21-06-2022 00:00,35.03,71.09,7.06,13.97,20.83,4.35,0.2,13.06
21-06-2022 00:00,22-06-2022 00:00,39.4,69.35,7.07,14.03,21.13,3.13,0.25,13.07
22-06-2022 00:00,23-06-2022 00:00,41.22,65.47,6.97,14.01,21.04,4.63,0.28,13.27
23-06-2022 00:00,24-06-2022 00:00,41.1,70.31,6.97,14,21.07,3.48,0.22,10.02
24-06-2022 00:00,25-06-2022 00:00,20.49,37.72,7.01,14.05,20.98,3.09,0.21,9.61
25-06-2022 00:00,26-06-2022 00:00,18.18,35.26,7,14,21.08,4.4,0.25,14.54
26-06-2022 00:00,27-06-2022 00:00,16.97,34.79,7.03,13.98,20.98,3.97,0.17,11.79
27-06-2022 00:00,28-06-2022 00:00,19.56,36.92,7.02,13.98,20.85,4.78,0.33,7.08
28-06-2022 00:00,29-06-2022 00:00,20.03,35.41,7.04,14.07,21.01,4.26,0.27,6.64
29-06-2022 00:00,30-06-2022 00:00,20.33,36.76,7.02,14.02,21.01,4.54,0.35,8.72
30-06-2022 00:00,01-07-2022 00:00,20.59,38.63,7.02,13.92,21.02,4.37,0.29,8.73
01-07-2022 00:00,02-07-2022 00:00,20.5,38.76,6.9,14.03,20.89,4.1,0.12,12.41
02-07-2022 00:00,03-07-2022 00:00,22.33,38.16,6.19,4.32,10.46,3.16,0.38,8.29
03-07-2022 00:00,04-07-2022 00:00,23.72,38.42,6.17,4.33,10.5,4.19,0.16,6.92
04-07-2022 00:00,05-07-2022 00:00,20.83,37.2,6.2,4.32,10.52,3.25,0.31,5.89
05-07-2022 00:00,06-07-2022 00:00,20.78,39.3,6.43,3.72,10.13,4.29,0.22,7.51
06-07-2022 00:00,07-07-2022 00:00,16.96,34.25,6.41,2.6,9.01,3.86,0.26,6.98
07-07-2022 00:00,08-07-2022 00:00,19.46,37.07,6.41,2.6,9.02,4.42,0.39,15.14
08-07-2022 00:00,09-07-2022 00:00,20.37,37.96,6.41,2.57,9,2.79,0.29,16.35
09-07-2022 00:00,10-07-2022 00:00,20.98,37.38,6.4,2.59,9,1.62,0.23,18.43
10-07-2022 00:00,11-07-2022 00:00,18.5,36.47,6.41,2.57,9.02,1.92,0.16,18.08
11-07-2022 00:00,12-07-2022 00:00,19.54,35.44,6.4,2.59,9,2.98,4.93,17.88
12-07-2022 00:00,13-07-2022 00:00,18.49,33.87,6.42,2.61,9,2.55,5.05,18.24
13-07-2022 00:00,14-07-2022 00:00,20.11,36.26,6.41,2.58,9.02,1.61,3.09,17.73
14-07-2022 00:00,15-07-2022 00:00,12.28,35.87,6.41,2.59,9.01,4.1,1.5,17.44
15-07-2022 00:00,16-07-2022 00:00,11.1,33.93,6.42,2.58,9.02,4.64,1.51,16.75
16-07-2022 00:00,17-07-2022 00:00,8.5,34.37,6.41,2.58,9,3.69,1.5,17.28
17-07-2022 00:00,18-07-2022 00:00,13.47,35.44,6.41,2.6,9.04,2.3,1.5,14.95
18-07-2022 00:00,19-07-2022 00:00,16.43,37.51,6.41,2.58,9.01,2,1.5,14.17
19-07-2022 00:00,20-07-2022 00:00,19.96,36.95,6.4,2.59,9.01,3.65,1.5,13.94
20-07-2022 00:00,21-07-2022 00:00,12.42,23.3,6.42,2.59,9,4.32,1.34,16.23
21-07-2022 00:00,22-07-2022 00:00,19.76,35.98,6.41,2.59,8.99,6.63,0.6,18.15
22-07-2022 00:00,23-07-2022 00:00,22.9,37.21,6.42,2.61,9.01,4.07,0.6,12.68
23-07-2022 00:00,24-07-2022 00:00,14.02,28.23,6.4,2.59,8.98,2.29,0.6,17.29
24-07-2022 00:00,25-07-2022 00:00,9.09,24.61,6.41,2.59,8.99,2.74,0.6,15.04
25-07-2022 00:00,26-07-2022 00:00,11.59,27.35,6.41,2.59,9,4.87,0.6,14.98
26-07-2022 00:00,27-07-2022 00:00,17.46,32.83,6.41,2.6,8.97,5.69,0.6,13.93
27-07-2022 00:00,28-07-2022 00:00,13.3,29.12,6.41,2.58,8.99,4.71,0.6,13.58
28-07-2022 00:00,29-07-2022 00:00,16.86,32.48,6.41,2.59,9.02,4.21,0.6,15.74
29-07-2022 00:00,30-07-2022 00:00,28.85,41.69,6.41,2.59,9.04,5.52,0.6,17.49
30-07-2022 00:00,31-07-2022 00:00,20.69,33.11,6.42,2.61,9,7.08,0.6,17.32
31-07-2022 00:00,01-08-2022 00:00,15.33,29.06,6.42,2.59,9.02,10.44,0.6,17.8
01-08-2022 00:00,02-08-2022 00:00,29.35,49.41,6.41,2.6,8.97,None,0.6,15.87
02-08-2022 00:00,03-08-2022 00:00,16.77,39.15,6.4,2.58,9,6.21,0.6,14.43
03-08-2022 00:00,04-08-2022 00:00,5.29,33.34,6.41,2.6,9.01,7.95,0.6,15.63
04-08-2022 00:00,05-08-2022 00:00,9.28,31.2,6.4,2.6,9.02,7.09,0.6,15.46
05-08-2022 00:00,06-08-2022 00:00,2.9,26.9,6.42,2.61,8.99,4.56,0.6,16.24
06-08-2022 00:00,07-08-2022 00:00,12.86,29.89,6.42,2.6,9.06,2.57,0.6,14.78
07-08-2022 00:00,08-08-2022 00:00,11.88,24.5,6.41,2.59,8.98,3.97,0.6,14.92
08-08-2022 00:00,09-08-2022 00:00,11.86,28.72,6.41,2.57,9,4.34,0.6,15.52
09-08-2022 00:00,10-08-2022 00:00,18.42,36.61,6.41,2.6,9.03,2.35,0.6,17.78
10-08-2022 00:00,11-08-2022 00:00,20.87,50.72,6.4,2.6,9.03,3.13,0.6,17.77
11-08-2022 00:00,12-08-2022 00:00,20.73,50.06,6.41,2.58,9.03,2.34,0.6,16.15
12-08-2022 00:00,13-08-2022 00:00,19.42,49.74,6.4,2.58,9,1.68,0.6,16.44
13-08-2022 00:00,14-08-2022 00:00,18.15,51.3,6.41,2.58,9.03,3.18,0.6,15.76
14-08-2022 00:00,15-08-2022 00:00,17.91,50.54,6.4,2.59,9.03,5.18,0.6,13.25
15-08-2022 00:00,16-08-2022 00:00,18.26,49.4,6.42,2.58,8.98,2.1,0.6,12.48
16-08-2022 00:00,17-08-2022 00:00,15.91,49.79,6.4,2.6,8.96,1.12,0.61,11
17-08-2022 00:00,18-08-2022 00:00,30.39,57.49,7.19,4.07,11.41,3.32,0.51,17.3
18-08-2022 00:00,19-08-2022 00:00,31.97,53.71,8.32,4.08,12.43,4.15,0.59,17.03
19-08-2022 00:00,20-08-2022 00:00,31.12,55.19,7.96,3.73,11.66,2.85,0.6,14.16
20-08-2022 00:00,21-08-2022 00:00,21.91,40.35,6.31,3.28,9.45,1.43,0.53,14.05
21-08-2022 00:00,22-08-2022 00:00,17.94,33.85,6.31,3.28,9.47,2.26,0.53,17.04
22-08-2022 00:00,23-08-2022 00:00,16.67,35.02,6.24,3.7,9.75,2.76,0.51,14.06
23-08-2022 00:00,24-08-2022 00:00,12.98,34.16,6.2,4,10,5.34,0.5,14.22
24-08-2022 00:00,25-08-2022 00:00,20.52,39.97,6.2,4,10,4.38,0.5,15.52
25-08-2022 00:00,26-08-2022 00:00,20.12,38.91,6.2,4,10,4.43,0.5,15.89
26-08-2022 00:00,27-08-2022 00:00,22.73,39.28,6.2,4,10,8.39,0.5,15.49
27-08-2022 00:00,28-08-2022 00:00,24.54,42.32,6.2,4,10.01,7.01,0.48,13.69
28-08-2022 00:00,29-08-2022 00:00,22.69,43.94,6.2,4,9.99,5.65,0.3,6.62
29-08-2022 00:00,30-08-2022 00:00,35.42,52.79,6.2,4,10.01,7.31,0.35,5.64
30-08-2022 00:00,31-08-2022 00:00,23.45,47,6.2,4,9.99,5.03,0.16,6.5
31-08-2022 00:00,01-09-2022 00:00,31.94,47.09,6.2,4,9.99,3.43,0.14,5.48
01-09-2022 00:00,02-09-2022 00:00,23.25,41.78,5.89,3.66,9.59,3.36,0.13,4.88
02-09-2022 00:00,03-09-2022 00:00,20.9,44.4,5.8,3.55,9.45,4.28,0.21,4.63
03-09-2022 00:00,04-09-2022 00:00,14.64,34.25,6.18,4,10.12,4.13,0.19,4.77
04-09-2022 00:00,05-09-2022 00:00,14.28,27.83,6.22,3.99,10.09,5.18,0.31,5.96
05-09-2022 00:00,06-09-2022 00:00,15.35,28.12,6.28,4.67,10.97,4.94,0.42,5.83
06-09-2022 00:00,07-09-2022 00:00,22.52,32.67,6.3,5.18,11.59,6.31,0.32,6.9
07-09-2022 00:00,08-09-2022 00:00,17.13,29.16,6.31,5.23,11.65,5.9,0.33,9.65
08-09-2022 00:00,09-09-2022 00:00,12.59,31.73,6.3,5.17,11.58,3.9,0.35,5.03
09-09-2022 00:00,10-09-2022 00:00,21.56,29.18,6.31,5.17,11.56,5.98,0.41,3.43
10-09-2022 00:00,11-09-2022 00:00,18.65,35.45,6.83,4.54,11.4,2.66,0.27,3.77
11-09-2022 00:00,12-09-2022 00:00,22.01,33.44,7.1,4.2,11.31,2.22,0.24,3.72
12-09-2022 00:00,13-09-2022 00:00,15.4,30.23,6.46,4.07,10.55,2.64,0.19,4.07
13-09-2022 00:00,14-09-2022 00:00,18.69,30.61,5.97,4.01,9.98,3.7,0.16,3.97
14-09-2022 00:00,15-09-2022 00:00,19.27,43.5,6,3.99,9.99,4.55,0.31,6.87
15-09-2022 00:00,16-09-2022 00:00,20.62,41.5,6.03,4,10.02,5.05,0.24,17.81
16-09-2022 00:00,17-09-2022 00:00,15.86,40.17,6.01,4.01,9.97,4.8,0.29,20.32
17-09-2022 00:00,18-09-2022 00:00,20.79,46.49,6.11,3.99,10.26,5.01,0.19,20.94
18-09-2022 00:00,19-09-2022 00:00,16,41.08,6.17,3.99,10.55,5.13,0.23,21.43
19-09-2022 00:00,20-09-2022 00:00,15.59,37.29,6.35,4.25,10.49,4.91,0.35,21.51
20-09-2022 00:00,21-09-2022 00:00,36.28,64.05,6.62,4.9,11.09,3.26,0.2,20.92
21-09-2022 00:00,22-09-2022 00:00,63.77,116.15,7.11,4.17,10.98,4.86,0.38,19.2
22-09-2022 00:00,23-09-2022 00:00,58.09,82.86,7.49,3.21,10.49,5.61,0.63,19.82
23-09-2022 00:00,24-09-2022 00:00,70.05,83.31,7.11,3.93,10.49,4.72,0.39,14.02
24-09-2022 00:00,25-09-2022 00:00,67.66,75.91,6.78,4.49,10.5,3.14,0.46,8.47
25-09-2022 00:00,26-09-2022 00:00,60.04,69.43,6.48,4.86,10.89,9.1,0.41,12.49
26-09-2022 00:00,27-09-2022 00:00,54.03,65.55,6.74,4.66,11.36,13.69,0.38,19.41
27-09-2022 00:00,28-09-2022 00:00,49.28,65.74,6.79,4.19,11.03,5.54,0.46,20.3
28-09-2022 00:00,29-09-2022 00:00,37.14,61.41,7.43,3.62,11.08,5.61,0.6,22.28
29-09-2022 00:00,30-09-2022 00:00,35.75,57.92,7.25,3.76,10.91,5.64,0.45,21.45
30-09-2022 00:00,01-10-2022 00:00,43.76,60.78,6.52,4.2,10.5,5.22,0.37,18.55
01-10-2022 00:00,02-10-2022 00:00,37.88,59.8,7.36,2.35,9.49,4.97,0.56,22.01
02-10-2022 00:00,03-10-2022 00:00,40.3,58.49,7.19,2.11,9.31,4.78,0.54,22.38
03-10-2022 00:00,04-10-2022 00:00,40.27,58.91,7.17,2.09,9.28,4.79,0.54,22.37
04-10-2022 00:00,05-10-2022 00:00,31.15,53.47,7.21,2.1,9.24,4.78,0.54,22.34
05-10-2022 00:00,06-10-2022 00:00,None,None,None,None,None,None,None,None
06-10-2022 00:00,07-10-2022 00:00,36.72,58.23,4.24,3.2,7.55,5.19,0.36,16.51
07-10-2022 00:00,08-10-2022 00:00,19.05,45.96,4.75,3.74,9.22,4.64,0.31,16.82
08-10-2022 00:00,09-10-2022 00:00,20.26,49.24,6.66,3,10.11,4.76,0.36,19.84
09-10-2022 00:00,10-10-2022 00:00,21.53,50.15,7.61,2.28,9.95,5.1,0.42,21.61
10-10-2022 00:00,11-10-2022 00:00,17.19,49.49,7.79,2.28,9.94,5.19,0.43,21.97
11-10-2022 00:00,12-10-2022 00:00,None,None,None,None,None,None,None,None
12-10-2022 00:00,13-10-2022 00:00,30.62,56.33,6.25,4.23,10.28,4.83,0.66,22.18
13-10-2022 00:00,14-10-2022 00:00,22.37,51.68,6.13,4.22,10.23,4.79,0.66,22.09
14-10-2022 00:00,15-10-2022 00:00,24.56,52.71,6.63,3.72,10.26,5.05,0.66,18.01
15-10-2022 00:00,16-10-2022 00:00,26.21,55.37,8.01,3.17,11.17,6.35,0.6,7.33
16-10-2022 00:00,17-10-2022 00:00,19.93,49.08,8.3,3.21,11.43,7.33,0.64,8.32
17-10-2022 00:00,18-10-2022 00:00,24.15,53.29,7.63,2.31,9.86,5.38,0.72,10.4
18-10-2022 00:00,19-10-2022 00:00,24.57,52.26,8.49,2.7,11.16,5.83,0.68,14.7
19-10-2022 00:00,20-10-2022 00:00,23.63,53.22,8.07,3.9,11.75,5.39,0.68,8.08
20-10-2022 00:00,21-10-2022 00:00,23.66,51.54,7.9,4.83,12.34,4.26,0.61,10.25
21-10-2022 00:00,22-10-2022 00:00,26,52.46,8.55,4.88,13.22,5.81,0.79,11.09
22-10-2022 00:00,23-10-2022 00:00,27.5,53.77,7.79,3.84,11.6,5.33,0.86,11.31
23-10-2022 00:00,24-10-2022 00:00,23.9,53.45,8.66,3.75,12.96,5.37,0.8,10.69
24-10-2022 00:00,25-10-2022 00:00,54.54,145.06,10.01,4.98,15.17,8.49,0.84,16.2
25-10-2022 00:00,26-10-2022 00:00,73.97,164.93,8.27,4.14,12.53,5.97,0.75,11.78
26-10-2022 00:00,27-10-2022 00:00,26.91,63.39,7.35,4.76,12.13,5.24,0.65,12.24
27-10-2022 00:00,28-10-2022 00:00,34.79,71.56,7.36,4.05,11.38,5,0.57,10.48
28-10-2022 00:00,29-10-2022 00:00,24.59,55.99,7.49,4.18,11.55,5.51,0.53,12.16
29-10-2022 00:00,30-10-2022 00:00,9.95,26.67,7.3,4.39,11.55,5.29,0.46,13.44
30-10-2022 00:00,31-10-2022 00:00,18.89,27.38,6.36,2.91,9.22,4.36,0.39,13.62
31-10-2022 00:00,01-11-2022 00:00,27.59,37.51,7.72,2.69,10.63,4.88,0.72,12.17
01-11-2022 00:00,02-11-2022 00:00,28.04,39.81,8.68,2.67,11.44,5.88,0.62,10.65
02-11-2022 00:00,03-11-2022 00:00,27.91,43.69,9.26,2.1,11.25,5.73,0.67,12.98
03-11-2022 00:00,04-11-2022 00:00,25.66,42.48,8.21,2.65,10.6,4.27,0.55,11.62
04-11-2022 00:00,05-11-2022 00:00,24.94,45.59,7.23,3.82,10.98,4.69,0.63,9.78
05-11-2022 00:00,06-11-2022 00:00,24.99,45.47,7.48,3.72,11.07,4.68,0.63,11.17
06-11-2022 00:00,07-11-2022 00:00,25.65,45.76,6.4,3.09,9.44,4.7,0.56,15.21
07-11-2022 00:00,08-11-2022 00:00,27.28,48.94,7.31,2.95,10.26,4.88,0.83,16.23
08-11-2022 00:00,09-11-2022 00:00,28.17,45.74,6.88,2.71,9.23,4.2,0.8,11.16
09-11-2022 00:00,10-11-2022 00:00,34.83,44.72,7.01,4.36,10.91,4.45,0.54,11.92
10-11-2022 00:00,11-11-2022 00:00,17.65,33.49,7.05,5.3,11.9,4.92,0.43,12.29
11-11-2022 00:00,12-11-2022 00:00,21.4,41.41,8.52,5.29,13.64,5,0.46,11.91
12-11-2022 00:00,13-11-2022 00:00,21.18,41.86,8.43,4.3,12.29,4.27,0.54,12.73
13-11-2022 00:00,14-11-2022 00:00,27.39,47.12,8.69,3.96,12.05,5.1,0.54,12.71
14-11-2022 00:00,15-11-2022 00:00,26.51,42.86,8.53,3.89,11.73,5.16,0.68,12.89
15-11-2022 00:00,16-11-2022 00:00,23.52,45.2,6.9,4.49,10.9,5.02,0.39,12.96
16-11-2022 00:00,17-11-2022 00:00,22.37,50.99,7.99,4.58,12.67,4.99,0.45,11.91
17-11-2022 00:00,18-11-2022 00:00,26.24,61.33,10.88,5.44,16.23,4.95,0.6,15.67
18-11-2022 00:00,19-11-2022 00:00,42.31,100.25,8.33,7.58,15.61,5.49,0.52,16.59
19-11-2022 00:00,20-11-2022 00:00,83.3,161.29,6.65,6.7,12.99,5.95,0.46,19.07
20-11-2022 00:00,21-11-2022 00:00,81.63,161.58,6.19,7.26,13.18,6.68,0.53,12.85
21-11-2022 00:00,22-11-2022 00:00,76.3,150.95,5.25,8.51,13.62,5.27,0.63,12.43
22-11-2022 00:00,23-11-2022 00:00,72.16,133.84,6.35,7.01,13.24,5.62,0.65,13.16
23-11-2022 00:00,24-11-2022 00:00,31.67,57.25,7.17,4.89,12.03,5.9,0.47,13.54
24-11-2022 00:00,25-11-2022 00:00,23.75,59.53,7.31,6.25,13.6,5.76,0.59,14.51
25-11-2022 00:00,26-11-2022 00:00,32.11,61.76,7.34,8.12,14.93,4.99,0.55,10.83
26-11-2022 00:00,27-11-2022 00:00,38.99,73.74,5.88,10.39,15.69,5.74,0.72,15.66
27-11-2022 00:00,28-11-2022 00:00,38.78,70.96,5.94,10.53,16.56,5.95,0.74,20.09
28-11-2022 00:00,29-11-2022 00:00,34.87,65.76,5.24,8.8,14.21,6.05,0.83,19.44
29-11-2022 00:00,30-11-2022 00:00,39.91,65.21,3.87,9.47,13.21,5.76,0.72,16.73
30-11-2022 00:00,01-12-2022 00:00,46.76,68.44,3.83,9.01,12.65,4.98,0.83,19.65
01-12-2022 00:00,02-12-2022 00:00,44.34,62.25,4.18,7.62,11.64,5.15,0.53,19.91
02-12-2022 00:00,03-12-2022 00:00,39.14,56.01,5.23,8.88,13.41,4.68,0.62,14.12
03-12-2022 00:00,04-12-2022 00:00,30.86,43.95,5.04,8.81,13.69,5.44,0.56,13.23
04-12-2022 00:00,05-12-2022 00:00,30.27,41.71,5.59,8.27,13.97,5.81,0.55,12.08
05-12-2022 00:00,06-12-2022 00:00,50.49,70.91,5.87,8.03,13.44,5.22,0.55,14
06-12-2022 00:00,07-12-2022 00:00,41.64,63.08,6.54,8.67,15.13,5.59,0.64,10.57
07-12-2022 00:00,08-12-2022 00:00,48.54,65.62,7.88,5.07,12.07,5.6,0.82,9.42
08-12-2022 00:00,09-12-2022 00:00,34.51,62.76,8.87,2.66,11.47,8.64,0.87,8.6
09-12-2022 00:00,10-12-2022 00:00,42.81,74.47,9.05,2.63,11.63,10.33,0.82,7.46
10-12-2022 00:00,11-12-2022 00:00,43.3,58.27,9.01,2.89,11.96,9.96,0.78,12.32
11-12-2022 00:00,12-12-2022 00:00,25.09,43.83,8.62,2.77,11.37,9.38,0.73,7.09
12-12-2022 00:00,13-12-2022 00:00,33.31,47.71,7.34,2.52,9.85,7.89,0.65,6.08
13-12-2022 00:00,14-12-2022 00:00,34.26,47.2,5.75,3.15,8.88,7.03,0.7,6.39
14-12-2022 00:00,15-12-2022 00:00,35.35,56.18,7.17,2.52,9.67,7.38,0.77,9.04
15-12-2022 00:00,16-12-2022 00:00,55.13,81.47,6.51,3.42,9.94,6.72,0.59,8.89
16-12-2022 00:00,17-12-2022 00:00,48.91,95.55,7.7,4.31,11.87,5.21,0.63,11.44
17-12-2022 00:00,18-12-2022 00:00,47.45,104.22,7.52,6.67,13.8,7.07,0.68,14.6
18-12-2022 00:00,19-12-2022 00:00,29.52,87.51,6.65,8.76,14.83,6.71,0.52,13.13
19-12-2022 00:00,20-12-2022 00:00,40.69,92.15,7.05,7.31,13.92,6.59,0.64,13.72
20-12-2022 00:00,21-12-2022 00:00,55.44,115.27,7,7.8,14.11,6.89,0.49,10.32
21-12-2022 00:00,22-12-2022 00:00,46.46,105.07,6.82,8.13,14,6.22,0.49,10.33
22-12-2022 00:00,23-12-2022 00:00,57.4,118.28,7.49,8.23,14.79,6.79,0.64,11.54
23-12-2022 00:00,24-12-2022 00:00,74.03,100.04,6.61,8.16,13.9,8.01,0.63,9.36
24-12-2022 00:00,25-12-2022 00:00,92.48,94.11,6.25,8.12,13.77,5.41,0.7,12.49
25-12-2022 00:00,26-12-2022 00:00,35.58,69.72,6.64,8.37,14.67,5.66,0.75,13.37
26-12-2022 00:00,27-12-2022 00:00,48.34,52.79,6.64,8.36,14.71,5.93,0.44,10.57
27-12-2022 00:00,28-12-2022 00:00,34.27,43.97,6.54,8.48,14.77,8.49,0.42,11.23
28-12-2022 00:00,29-12-2022 00:00,39.44,62.87,5.45,8.27,13.21,6.63,0.64,14.02
29-12-2022 00:00,30-12-2022 00:00,59.86,73.84,7,8.65,15.06,6.65,0.75,16.49
30-12-2022 00:00,31-12-2022 00:00,87.13,96.05,7.52,8.92,15.87,6.39,0.82,14.42
31-12-2022 00:00,01-01-2023 00:00,87.18,93.2,5.48,8.3,12.81,6.24,0.94,14.38
01-01-2023 00:00,02-01-2023 00:00,75,77.07,4.67,7.96,11.45,6.77,0.54,12.78
02-01-2023 00:00,03-01-2023 00:00,58.05,71.12,5.61,8.4,13.41,6.58,0.47,11.81
03-01-2023 00:00,04-01-2023 00:00,76.74,84.58,6.96,7.69,14.31,7.38,0.52,13.19
04-01-2023 00:00,05-01-2023 00:00,66.32,79.9,6.99,7.64,14.31,8.94,0.44,17.2
05-01-2023 00:00,06-01-2023 00:00,72.21,82.35,5.81,7.93,13.44,6.8,0.41,13.26
06-01-2023 00:00,07-01-2023 00:00,101.07,105.9,6.18,7.08,12.84,4.56,0.65,8.41
07-01-2023 00:00,08-01-2023 00:00,49.12,108.95,6.29,8.67,14.45,9.34,0.42,19.91
08-01-2023 00:00,09-01-2023 00:00,39.38,101.37,5.27,7.51,12.43,5.06,0.55,10.08
09-01-2023 00:00,10-01-2023 00:00,63.51,115.2,5.33,7.4,12.7,6.4,0.66,10.43
10-01-2023 00:00,11-01-2023 00:00,73.83,108.18,5.39,7.95,13.09,7.62,1.08,13.57
11-01-2023 00:00,12-01-2023 00:00,71.82,114.39,6.48,6.03,11.64,7.03,1.27,13.44
12-01-2023 00:00,13-01-2023 00:00,76.31,115.48,6.45,5.8,11.55,7.95,1.18,14.72
13-01-2023 00:00,14-01-2023 00:00,59.74,88.64,4.75,7.57,12.13,8.1,0.71,17.87
14-01-2023 00:00,15-01-2023 00:00,41.63,71.76,4.34,8.31,12.65,4.75,0.82,9.95
15-01-2023 00:00,16-01-2023 00:00,41.38,63.56,4.35,8.32,12.66,5.49,0.72,8.81
16-01-2023 00:00,17-01-2023 00:00,30.38,47.67,3.94,7.4,10.9,7.48,0.42,11.14
17-01-2023 00:00,18-01-2023 00:00,30.18,50.9,5.1,7.61,12.34,6.57,0.46,11.38
18-01-2023 00:00,19-01-2023 00:00,29.65,61.28,5.86,7.98,14.52,5.44,0.38,10.24
19-01-2023 00:00,20-01-2023 00:00,41.4,74.11,4.94,7.13,12.37,5.99,0.5,9.37
20-01-2023 00:00,21-01-2023 00:00,64.54,83.1,4.83,7.14,11.18,7.44,0.87,10.5
21-01-2023 00:00,22-01-2023 00:00,51.44,75.95,4.25,6.53,10.44,6.6,0.51,13.08
22-01-2023 00:00,23-01-2023 00:00,54.66,108.9,3.46,5.69,8.97,6.81,0.91,12.88
23-01-2023 00:00,24-01-2023 00:00,43.74,92.02,3.97,6.1,9.93,5.92,0.67,12.69
24-01-2023 00:00,25-01-2023 00:00,35.66,66.25,5.66,7.67,12.84,6.07,0.76,12.4
25-01-2023 00:00,26-01-2023 00:00,27.59,52.32,5.3,7.49,12,6.66,0.75,12
26-01-2023 00:00,27-01-2023 00:00,27.75,71.23,3.98,6.23,9.42,6.29,0.55,11.15
27-01-2023 00:00,28-01-2023 00:00,27.35,93.14,5.21,7.3,12.12,7.25,0.58,14.18
28-01-2023 00:00,29-01-2023 00:00,29.3,117.3,7.05,7.5,13.94,6.66,1.21,9.52
29-01-2023 00:00,30-01-2023 00:00,27.22,103.52,8.01,6.21,13.45,5.14,0.48,10.74
30-01-2023 00:00,31-01-2023 00:00,25.67,72.58,7.25,5.15,11.72,6.83,0.5,12.97
31-01-2023 00:00,01-02-2023 00:00,47.91,95.63,7.21,5.85,12.28,7.85,0.73,13.96
01-02-2023 00:00,02-02-2023 00:00,105.53,141.87,5.9,8.24,13.77,6.74,0.66,13.54
02-02-2023 00:00,03-02-2023 00:00,49.19,109.53,6.71,6.14,12.28,8.25,0.46,16.16
03-02-2023 00:00,04-02-2023 00:00,39.96,106.09,7.6,6.44,13.13,6.8,0.75,13.76
04-02-2023 00:00,05-02-2023 00:00,43.02,158.38,7.39,6.96,13.61,4.22,1.09,11.07
05-02-2023 00:00,06-02-2023 00:00,1.78,132.65,6.09,6.82,12.15,5.79,0.96,12.32
06-02-2023 00:00,07-02-2023 00:00,1.74,125.29,5.32,8.51,12.78,6.9,0.89,12.74
07-02-2023 00:00,08-02-2023 00:00,18.55,95.9,5.25,7.79,12.13,7.37,0.59,13.41
08-02-2023 00:00,09-02-2023 00:00,28.9,75.58,5.27,7.27,12.01,6.95,0.68,14.81
09-02-2023 00:00,10-02-2023 00:00,34.53,88.06,4.87,6.61,10.94,5.9,0.94,15.08
10-02-2023 00:00,11-02-2023 00:00,39.34,77.08,5.02,6.95,11.29,6.67,1.04,14.96
11-02-2023 00:00,12-02-2023 00:00,35.13,86.22,6.07,8.27,13.99,7.22,1.24,12.52
12-02-2023 00:00,13-02-2023 00:00,30.51,101.67,5.22,7.56,12.43,7.46,1.11,14.26
13-02-2023 00:00,14-02-2023 00:00,28.09,110.28,5.09,7.82,12.41,6.27,0.41,14.51
14-02-2023 00:00,15-02-2023 00:00,28.63,119.96,7.31,7.61,14.47,7.08,1.28,14.14
15-02-2023 00:00,16-02-2023 00:00,29.12,116.42,7.31,7.06,13.85,7.42,0.87,14.57
16-02-2023 00:00,17-02-2023 00:00,31.84,107.47,6.01,8.11,13.9,9.27,0.7,18.82
17-02-2023 00:00,18-02-2023 00:00,35.36,94.33,6.02,8.48,13.96,9.01,1.26,20.07
18-02-2023 00:00,19-02-2023 00:00,36.34,95.31,5.39,7.83,12.92,7.57,1.65,18.55
19-02-2023 00:00,20-02-2023 00:00,36.71,94.43,5.4,7.81,13.02,7.59,0.62,18.57
20-02-2023 00:00,21-02-2023 00:00,39.78,102.87,4.92,7.23,11.84,8.16,0.82,17.83
21-02-2023 00:00,22-02-2023 00:00,43.88,107.76,5.53,7.12,12.39,6.93,1.07,14.05
22-02-2023 00:00,23-02-2023 00:00,37.08,98.14,5.44,7.11,11.9,6.05,1.44,11.79
23-02-2023 00:00,24-02-2023 00:00,31.22,87.69,5.25,7.2,11.8,6.25,1.19,11.84
24-02-2023 00:00,25-02-2023 00:00,32.94,81.09,4.47,6.38,10.65,6.31,1.09,15.91
25-02-2023 00:00,26-02-2023 00:00,32.13,102.38,4.11,6.58,10.48,7.52,1.03,18.05
26-02-2023 00:00,27-02-2023 00:00,26.58,98.36,4.93,7.86,12.46,6.59,1.73,12.38
27-02-2023 00:00,28-02-2023 00:00,31.74,105.08,5.99,5.65,11.53,8.76,0.46,20.73
28-02-2023 00:00,01-03-2023 00:00,30.44,89.52,6.33,6.23,12.22,9.84,0.43,16.28
01-03-2023 00:00,02-03-2023 00:00,24.96,86.52,7.99,5.19,12.6,7.62,0.62,14.11
02-03-2023 00:00,03-03-2023 00:00,26.46,83.26,5.71,5.7,11.16,7.17,0.91,12.89
03-03-2023 00:00,04-03-2023 00:00,21.31,67.88,5.69,8.01,13.69,7.68,1.05,17.64
04-03-2023 00:00,05-03-2023 00:00,27.37,80.26,8,7.28,14.99,7.45,0.9,22.44
05-03-2023 00:00,06-03-2023 00:00,32.37,79.86,6.75,6.58,12.73,7.72,1.19,16.26
06-03-2023 00:00,07-03-2023 00:00,31.07,79.74,4.14,6.97,10.75,7.48,1.03,13.2
07-03-2023 00:00,08-03-2023 00:00,32.97,81.78,4.73,7.19,11.32,6.68,0.79,13.66
08-03-2023 00:00,09-03-2023 00:00,30.68,86.65,4.96,7.28,11.43,7.69,0.52,18.32
09-03-2023 00:00,10-03-2023 00:00,32.88,93.05,5.55,7.98,12.89,7.85,0.76,17.45
10-03-2023 00:00,11-03-2023 00:00,35.62,92.1,4.81,7.14,11.39,5.54,0.88,15.72
11-03-2023 00:00,12-03-2023 00:00,31.2,79.83,4.94,5.16,9.77,6.79,0.72,16.94
12-03-2023 00:00,13-03-2023 00:00,35.76,89.71,5.47,6.44,11.93,9.97,0.52,19.06
13-03-2023 00:00,14-03-2023 00:00,36.32,97.63,4.89,8.39,13.15,8.9,0.74,17.15
14-03-2023 00:00,15-03-2023 00:00,34.06,100.5,6.06,6.96,12.46,7.3,0.96,15.14
15-03-2023 00:00,16-03-2023 00:00,42.78,89.38,5.31,6.24,11.22,6.14,0.67,14.23
16-03-2023 00:00,17-03-2023 00:00,43.41,76.13,4.97,7.29,11.86,6.35,0.85,13.58
17-03-2023 00:00,18-03-2023 00:00,50.77,67.34,6.04,6.09,11.56,7.2,0.54,13.16
18-03-2023 00:00,19-03-2023 00:00,45.57,68.99,7.04,5.04,11.53,7.33,0.66,13.23
19-03-2023 00:00,20-03-2023 00:00,23.26,101.35,6.77,4.28,10.64,7.38,0.73,15.62
20-03-2023 00:00,21-03-2023 00:00,32.5,101.14,5.41,6.23,11.21,6.76,0.73,14.29
21-03-2023 00:00,22-03-2023 00:00,35.57,104.35,4.89,8.39,12.74,6.61,0.73,15.83
22-03-2023 00:00,23-03-2023 00:00,36.07,101.94,6.62,6.91,13.04,8.58,0.73,18.31
23-03-2023 00:00,24-03-2023 00:00,41.27,91.19,6.52,4.76,11.03,5.54,0.73,12.39
24-03-2023 00:00,25-03-2023 00:00,29.9,75.57,5.08,6.8,11.5,7.03,0.73,14.37
25-03-2023 00:00,26-03-2023 00:00,27.13,77.46,5.55,7.17,12.33,7.52,0.73,15.14
26-03-2023 00:00,27-03-2023 00:00,28.29,81.09,6.43,5.75,11.86,6.17,0.73,15.38
27-03-2023 00:00,28-03-2023 00:00,38.78,84.32,5.85,6.92,12.43,8.41,0.55,16.23
28-03-2023 00:00,29-03-2023 00:00,37.73,92.53,5.03,7.16,11.73,7.37,0.39,16.89
29-03-2023 00:00,30-03-2023 00:00,20.54,88.2,6.25,5.98,11.91,7.64,0.33,15.62
30-03-2023 00:00,31-03-2023 00:00,8.59,77.17,6.57,6.25,12.2,7.09,0.42,13.17
31-03-2023 00:00,01-04-2023 00:00,15.24,73.26,4.63,6.16,9.96,7.06,0.35,12.88
01-04-2023 00:00,02-04-2023 00:00,27.83,80.56,4.73,6.73,10.92,7.4,0.39,15.08
02-04-2023 00:00,03-04-2023 00:00,29.43,82.93,6,6.77,12.4,7.64,0.36,12.9
03-04-2023 00:00,04-04-2023 00:00,34.52,87.32,5.44,6.08,11.22,7.21,0.28,13.1
04-04-2023 00:00,05-04-2023 00:00,37.58,93.95,4.18,6.66,10.52,7.1,0.33,14.97
05-04-2023 00:00,06-04-2023 00:00,86.6,123.18,5.59,8.71,13.61,7.81,0.02,18.51
06-04-2023 00:00,07-04-2023 00:00,43.85,93.78,5.09,8.19,12.63,7.32,0.31,15.62
07-04-2023 00:00,08-04-2023 00:00,28.65,96.55,5,8.32,12.96,8.18,0.3,18.63
08-04-2023 00:00,09-04-2023 00:00,35.23,92.29,6.51,7.12,13.92,8.52,0.31,19.76
09-04-2023 00:00,10-04-2023 00:00,22.7,89.18,6.89,6.28,13.36,7.18,0.43,14.45
10-04-2023 00:00,11-04-2023 00:00,25.9,81.39,6.07,5.61,11.02,8.04,0.4,17.26
11-04-2023 00:00,12-04-2023 00:00,40.03,89.96,4.52,5.25,9.24,7.26,0.56,16.07
12-04-2023 00:00,13-04-2023 00:00,36.6,86.52,4.21,6.25,9.94,6.63,0.59,16.02
13-04-2023 00:00,14-04-2023 00:00,36.18,83.07,5.24,7.87,12.62,8.66,0.58,17.03
14-04-2023 00:00,15-04-2023 00:00,37.55,95.97,4.4,7.64,11.59,7.67,0.57,15.16
15-04-2023 00:00,16-04-2023 00:00,39.15,77.87,4.72,7.98,10.91,7.05,0.32,17.32
16-04-2023 00:00,17-04-2023 00:00,41.12,84.35,6.37,8.13,12.64,7.87,0.63,13.1
17-04-2023 00:00,18-04-2023 00:00,39.77,86.5,8.16,6.64,14.47,7.61,0.95,15.52
18-04-2023 00:00,19-04-2023 00:00,59,89.03,7.4,5.93,13.22,7.53,0.86,15.08
19-04-2023 00:00,19-04-2023 10:32,51.62,97.04,6.46,5.49,11.97,8.06,1,13.25